mean_fit_time,mean_score_time,mean_test_score,mean_train_score,param_n_jobs,param_n_neighbors,params,rank_test_score,split0_test_score,split0_train_score,split1_test_score,split1_train_score,split2_test_score,split2_train_score,split3_test_score,split3_train_score,split4_test_score,split4_train_score,std_fit_time,std_score_time,std_test_score,std_train_score
0.0008546352386474609,0.12732176780700682,0.7959866220735786,0.8056067106756905,-1,22,"{'n_neighbors': 22, 'n_jobs': -1}",1,0.7851239669421488,0.8092243186582809,0.775,0.8096234309623431,0.8067226890756303,0.8037578288100209,0.8067226890756303,0.7954070981210856,0.8067226890756303,0.8100208768267223,4.850012914398678e-05,0.000785578580040458,0.013456184704180914,0.005588496266493881
