mean_fit_time,std_fit_time,mean_score_time,std_score_time,param_n_jobs,param_n_neighbors,params,split0_test_score,split1_test_score,split2_test_score,split3_test_score,split4_test_score,mean_test_score,std_test_score,rank_test_score,split0_train_score,split1_train_score,split2_train_score,split3_train_score,split4_train_score,mean_train_score,std_train_score
0.0005563735961914062,9.292331622704917e-06,0.009781503677368164,0.0003578524393074703,-1,36,"{'n_jobs': -1, 'n_neighbors': 36}",0.8,0.7666666666666667,0.8083333333333333,0.7899159663865546,0.8319327731092437,0.7993697478991597,0.021447420354746727,1,0.801255230125523,0.797071129707113,0.7824267782426778,0.7954070981210856,0.7954070981210856,0.7943134668634969,0.006316299653571487
